{
  "name": "repurposed_structures:villages/pets_fish",
  "fallback": "repurposed_structures:villages/pets_fish",
  "elements": [
    {
      "weight": 1,
      "element": {
        "element_type": "minecraft:legacy_single_pool_element",
        "location": "domesticationinnovation:villages/pets/fish/axolotl",
        "processors": "minecraft:empty",
        "projection": "rigid"
      }
    },
    {
      "weight": 6,
      "element": {
        "element_type": "minecraft:legacy_single_pool_element",
        "location": "domesticationinnovation:villages/pets/fish/pufferfish",
        "processors": "minecraft:empty",
        "projection": "rigid"
      }
    },
    {
      "weight": 16,
      "element": {
        "element_type": "minecraft:legacy_single_pool_element",
        "location": "domesticationinnovation:villages/pets/fish/tropical_fish",
        "processors": "minecraft:empty",
        "projection": "rigid"
      }
    }
  ]
}